participant;q01_formal_structure;q02_lessons_learned;q03_solution_source;q04_knowledge_base;q05_expert_finder;q06_project_knowledge;q07_hidden_knowledge_exists;q08_knowledge_utilization;q09_hidden_knowledge_value;q10_fear_of_sharing;q11_share_with_colleagues;q12_share_with_management;q13_personality_similarity;q14_extrovert_self_assessment;q15_prior_personality_test;q16_personality_test_willingness;q17_profile_use_consent;q18_ai_helpfulness;q19_ai_internal_channel_analysis;q20_ai_public_profile_analysis;q21_ai_work_content_analysis;q22_gender;q23_age_group;q24_organization_size;q25_tenure;q26_education;q27_decision_level
1;To some level;Yes;Official internal collaboration channels (email, slack, teams, etc.);Yes;Periodically;No;Yes;25% to 50%;Large;Yes;Yes;Yes;It doesn't matter to me;Yes;No;Yes;Yes;Up to a certain level Yes;With certain conditions Yes;With certain conditions Yes;Yes;Female;40-50;More than 500;1-5 years;Middle;Low
2;To some level;Periodically;Official internal collaboration channels (email, slack, teams, etc.), Publicly available sources on the Internet;We don't have such a system;We don't have such a system;We don't have such a system;Yes;Completely unutilized;Large;Yes;Yes;With certain compensation Yes;It doesn't matter to me;Yes;Yes;With certain conditions Yes;No;Up to a certain level Yes;With certain conditions Yes;No;No;Male;30-40;More than 500;5-10 years;Upper;Medium
3;Yes;Yes;Official internal collaboration channels (email, slack, teams, etc.), Internal knowledge base system, Publicly available sources on the Internet, Other publicly available knowledge sources;Yes;Periodically;Yes;Yes;More than 75%;Medium;No;Yes;Yes;It doesn't matter to me;No;Yes;Yes;Yes;Yes;Yes;No;Yes;Male;50-60;More than 500;5-10 years;High;Medium
4;To some level;Periodically;Official internal collaboration channels (email, slack, teams, etc.), Publicly available sources on the Internet;No;We don't have such a system;No;Yes;25% to 50%;Large;Mostly Yes;Yes;No;Yes;Yes;Yes;Yes;With certain conditions Yes;Yes;With certain conditions Yes;No;Yes;Female;20-30;More than 500;1-5 years;High;Medium
5;To some level;Periodically;Official internal collaboration channels (email, slack, teams, etc.), Publicly available sources on the Internet, Other;Periodically;We don't have such a system;We don't have such a system;Yes;50% to 75%;Large;Mostly No;Yes;No;It doesn't matter to me;No;No;Yes;No;Up to a certain level Yes;No;No;With certain conditions Yes;Male;20-30;100-500;5-10 years;Upper;Medium
6;Yes;Periodically;Official internal collaboration channels (email, slack, teams, etc.);Periodically;Periodically;Periodically;Yes;Less than 25%;Large;Mostly No;Yes;Yes;Yes;No;No;With certain conditions Yes;With certain conditions Yes;Yes;With certain conditions Yes;With certain conditions Yes;With certain conditions Yes;Male;30-40;100-500;5-10 years;High;Medium
7;Yes;Periodically;Official internal collaboration channels (email, slack, teams, etc.), Publicly available sources on the Internet;No;Periodically;We don't have such a system;Yes;25% to 50%;Large;Mostly No;Yes;No;It doesn't matter to me;No;Yes;Yes;With certain conditions Yes;Up to a certain level Yes;No;No;With certain conditions Yes;Female;30-40;More than 500;5-10 years;High;Medium
8;Yes;Yes;Official internal collaboration channels (email, slack, teams, etc.);Yes;Yes;Yes;Yes;25% to 50%;Very large;No;Yes;Yes;It doesn't matter to me;No;Yes;Yes;Yes;Yes;Yes;No;Yes;Male;40-50;More than 500;1-5 years;Middle;Medium
9;Yes;Yes;Official internal collaboration channels (email, slack, teams, etc.);Yes;Periodically;No;Yes;50% to 75%;Medium;Mostly No;Yes;Yes;Yes;No;Yes;Yes;Yes;Up to a certain level Yes;Yes;No;Yes;Male;30-40;100-500;1-5 years;High;Low
10;To some level;No;Official internal collaboration channels (email, slack, teams, etc.), Publicly available sources on the Internet;No;We don't have such a system;We don't have such a system;Yes;Less than 25%;Large;No;Yes;Yes;Yes;Yes;Yes;With certain conditions Yes;No;Up to a certain level Yes;With certain conditions Yes;No;With certain conditions Yes;Female;30-40;100-500;1-5 years;High;Low
11;Yes;Periodically;Official internal collaboration channels (email, slack, teams, etc.), Internal knowledge base system, Publicly available sources on the Internet;No;No;No;Yes;50% to 75%;Large;Mostly No;Yes;With certain compensation Yes;Yes;No;Yes;No;No;Yes;No;No;No;Male;20-30;100-500;5-10 years;High;Low
12;Yes;Yes;Official internal collaboration channels (email, slack, teams, etc.), Internal knowledge base system, Publicly available sources on the Internet;Periodically;Periodically;Periodically;Yes;More than 75%;Medium;Mostly No;Yes;With certain compensation Yes;It doesn't matter to me;Yes;Yes;No;No;Up to a certain level Yes;No;No;With certain conditions Yes;Male;20-30;More than 500;1-5 years;High;Low
13;Yes;Periodically;Official internal collaboration channels (email, slack, teams, etc.);Periodically;No;No;Yes;25% to 50%;Medium;No;Yes;With certain compensation Yes;Yes;Yes;Yes;Yes;With certain conditions Yes;Yes;With certain conditions Yes;With certain conditions Yes;With certain conditions Yes;Female;20-30;100-500;1-5 years;High;Low
14;Yes;Yes;Official internal collaboration channels (email, slack, teams, etc.), Publicly available sources on the Internet;Periodically;Yes;Periodically;Yes;More than 75%;Medium;Mostly No;Yes;Yes;Yes;Yes;Yes;Yes;With certain conditions Yes;Up to a certain level Yes;No;No;With certain conditions Yes;Female;30-40;100-500;1-5 years;High;High
15;Yes;Yes;Official internal collaboration channels (email, slack, teams, etc.), Internal knowledge base system;Yes;Periodically;We don't have such a system;Yes;25% to 50%;Medium;Mostly No;Yes;With certain compensation Yes;Yes;Yes;Yes;Yes;With certain conditions Yes;Yes;With certain conditions Yes;With certain conditions Yes;Yes;Male;30-40;More than 500;1-5 years;High;Medium
16;Yes;Yes;Official internal collaboration channels (email, slack, teams, etc.), Publicly available sources on the Internet, Other;Periodically;Periodically;Periodically;Yes;25% to 50%;Large;Yes;Yes;Yes;It doesn't matter to me;Yes;Yes;Yes;Yes;Yes;With certain conditions Yes;With certain conditions Yes;With certain conditions Yes;Male;50-60;More than 500;More than 10 years;High;Medium
17;Yes;Periodically;Official internal collaboration channels (email, slack, teams, etc.), Publicly available sources on the Internet, Other publicly available knowledge sources;We don't have such a system;We don't have such a system;We don't have such a system;Yes;50% to 75%;Large;Mostly No;Yes;Yes;Yes;Yes;Yes;Yes;Yes;Yes;Yes;No;Yes;Male;50-60;More than 500;1-5 years;High;High
18;No;No;Other;We don't have such a system;We don't have such a system;We don't have such a system;Yes;Less than 25%;Medium;No;Yes;Yes;Yes;No;Yes;Yes;Yes;Up to a certain level Yes;Yes;No;Yes;Male;40-50;More than 500;5-10 years;High;Medium
19;Yes;Periodically;Official internal collaboration channels (email, slack, teams, etc.), Internal knowledge base system, Publicly available sources on the Internet;Yes;Periodically;Periodically;Yes;50% to 75%;Medium;Mostly No;Yes;Yes;Yes;Yes;Yes;Yes;Yes;Yes;Yes;With certain conditions Yes;Yes;Male;50-60;More than 500;5-10 years;High;High
20;To some level;No;Official internal collaboration channels (email, slack, teams, etc.);Periodically;We don't have such a system;We don't have such a system;Yes;25% to 50%;Medium;Mostly No;Yes;Yes;Yes;Yes;Yes;Yes;With certain conditions Yes;Up to a certain level Yes;With certain conditions Yes;With certain conditions Yes;Yes;Female;40-50;Less than 100;Less than 1 year;High;Medium
21;Yes;Periodically;Official internal collaboration channels (email, slack, teams, etc.), Internal knowledge base system, Publicly available sources on the Internet, Other publicly available knowledge sources;Yes;Periodically;Yes;Yes;50% to 75%;Medium;Mostly No;Yes;Yes;It doesn't matter to me;No;Yes;Yes;With certain conditions Yes;Up to a certain level Yes;With certain conditions Yes;No;Yes;Male;40-50;100-500;1-5 years;High;Medium
22;Yes;Yes;Official internal collaboration channels (email, slack, teams, etc.), Internal knowledge base system, Publicly available sources on the Internet;Periodically;Yes;Yes;Yes;More than 75%;Medium;No;Yes;Yes;Yes;Yes;Yes;Yes;Yes;Yes;Yes;No;Yes;Male;20-30;More than 500;Less than 1 year;Upper;Low
23;To some level;No;Official internal collaboration channels (email, slack, teams, etc.);Yes;We don't have such a system;Periodically;Yes;25% to 50%;Large;Mostly No;Yes;Yes;Yes;No;No;Yes;No;Up to a certain level Yes;With certain conditions Yes;No;Yes;Male;50-60;Less than 100;5-10 years;High;High
24;To some level;Periodically;Official internal collaboration channels (email, slack, teams, etc.), Internal knowledge base system, Publicly available sources on the Internet;Yes;Yes;Yes;Yes;More than 75%;Medium;No;Yes;Yes;It doesn't matter to me;Yes;No;Yes;Yes;Yes;Yes;Yes;Yes;Female;30-40;Less than 100;More than 10 years;High;High
25;Yes;Periodically;Official internal collaboration channels (email, slack, teams, etc.), Internal knowledge base system, Publicly available sources on the Internet, Other publicly available knowledge sources, Other;Periodically;Periodically;We don't have such a system;Yes;Less than 25%;Large;Mostly Yes;Yes;Yes;It doesn't matter to me;Yes;Yes;Yes;Yes;Up to a certain level Yes;With certain conditions Yes;With certain conditions Yes;With certain conditions Yes;Female;30-40;More than 500;More than 10 years;High;Medium
26;Yes;Periodically;Official internal collaboration channels (email, slack, teams, etc.), Publicly available sources on the Internet, Other publicly available knowledge sources;Periodically;No;No;Yes;25% to 50%;Large;Mostly No;Yes;Yes;It doesn't matter to me;No;No;Yes;Yes;Yes;With certain conditions Yes;With certain conditions Yes;With certain conditions Yes;Male;40-50;Less than 100;1-5 years;High;Low
27;To some level;No;Official internal collaboration channels (email, slack, teams, etc.), Publicly available sources on the Internet, Other publicly available knowledge sources, Other;No;We don't have such a system;We don't have such a system;Yes;25% to 50%;Medium;Mostly No;Yes;Yes;Yes;No;Yes;Yes;Yes;Yes;Yes;Yes;Yes;Male;30-40;More than 500;More than 10 years;High;Medium
28;Yes;Periodically;Official internal collaboration channels (email, slack, teams, etc.);Yes;Yes;Yes;Yes;50% to 75%;Very large;No;Yes;Yes;Yes;No;Yes;Yes;Yes;Yes;Yes;Yes;Yes;Male;50-60;More than 500;1-5 years;High;Medium
29;To some level;Periodically;Official internal collaboration channels (email, slack, teams, etc.), Internal knowledge base system;Periodically;We don't have such a system;We don't have such a system;Yes;Less than 25%;Large;Mostly Yes;With certain compensation Yes;Yes;Yes;Yes;Yes;Yes;Yes;Up to a certain level Yes;No;No;Yes;Male;30-40;100-500;1-5 years;Middle;Low
30;Yes;Yes;Official internal collaboration channels (email, slack, teams, etc.), Internal knowledge base system, Publicly available sources on the Internet;Yes;Periodically;No;Yes;50% to 75%;Large;No;Yes;Yes;It doesn't matter to me;Yes;No;Yes;Yes;Up to a certain level Yes;Yes;Yes;Yes;Male;30-40;More than 500;1-5 years;High;Medium
31;To some level;Periodically;Official internal collaboration channels (email, slack, teams, etc.), Publicly available sources on the Internet;Periodically;Yes;No;Yes;50% to 75%;Large;Mostly No;Yes;Yes;Yes;No;No;Yes;With certain conditions Yes;Up to a certain level Yes;No;With certain conditions Yes;With certain conditions Yes;Male;40-50;More than 500;1-5 years;High;High
32;No;No;Official internal collaboration channels (email, slack, teams, etc.), Publicly available sources on the Internet;We don't have such a system;We don't have such a system;We don't have such a system;Yes;50% to 75%;Medium;No;Yes;Yes;Yes;No;No;No;With certain conditions Yes;Yes;With certain conditions Yes;No;With certain conditions Yes;Male;30-40;Less than 100;5-10 years;High;High
33;Yes;Yes;Publicly available sources on the Internet;We don't have such a system;We don't have such a system;We don't have such a system;No;50% to 75%;Medium;No;Yes;Yes;Yes;Yes;Yes;Yes;No;Up to a certain level Yes;With certain conditions Yes;With certain conditions Yes;With certain conditions Yes;Male;50-60;Less than 100;1-5 years;High;High
34;Yes;Periodically;Official internal collaboration channels (email, slack, teams, etc.), Other publicly available knowledge sources;We don't have such a system;We don't have such a system;We don't have such a system;Yes;Less than 25%;Medium;No;Yes;Yes;Yes;Yes;Yes;Yes;No;Yes;No;No;No;Female;30-40;100-500;1-5 years;High;Low
35;Yes;Periodically;Other publicly available knowledge sources, Other;We don't have such a system;Periodically;Periodically;Yes;25% to 50%;Large;No;Yes;Yes;Yes;Yes;Yes;Yes;Yes;Yes;Yes;Yes;Yes;Female;50-60;100-500;5-10 years;High;High
36;Yes;No;Official internal collaboration channels (email, slack, teams, etc.), Publicly available sources on the Internet, Other;We don't have such a system;We don't have such a system;We don't have such a system;Yes;Less than 25%;Very large;Mostly Yes;Yes;Yes;Yes;Yes;Yes;Yes;Yes;Up to a certain level Yes;No;No;With certain conditions Yes;Female;40-50;100-500;1-5 years;High;Medium
37;Yes;Periodically;Official internal collaboration channels (email, slack, teams, etc.), Publicly available sources on the Internet, Other publicly available knowledge sources, Other;We don't have such a system;We don't have such a system;We don't have such a system;Yes;25% to 50%;Large;No;Yes;Yes;Yes;Yes;No;Yes;With certain conditions Yes;Up to a certain level Yes;Yes;Yes;Yes;Female;40-50;100-500;1-5 years;Middle;Medium
38;To some level;Periodically;Official internal collaboration channels (email, slack, teams, etc.), Publicly available sources on the Internet, Public social networks, Other publicly available knowledge sources, Other;Periodically;Periodically;Periodically;Yes;50% to 75%;Very large;Mostly Yes;Yes;Yes;Yes;No;Yes;Yes;Yes;Up to a certain level Yes;With certain conditions Yes;No;Yes;Female;40-50;100-500;5-10 years;High;High
39;Yes;Yes;Other;Yes;Yes;Yes;Yes;50% to 75%;Medium;No;Yes;With certain compensation Yes;It doesn't matter to me;Yes;No;Yes;Yes;Yes;Yes;Yes;With certain conditions Yes;Female;30-40;100-500;Less than 1 year;High;Medium
40;Yes;Yes;Official internal collaboration channels (email, slack, teams, etc.);Periodically;Yes;Yes;Yes;25% to 50%;Large;Mostly Yes;Yes;Yes;It doesn't matter to me;Yes;No;With certain conditions Yes;With certain conditions Yes;Up to a certain level Yes;With certain conditions Yes;No;With certain conditions Yes;Female;30-40;100-500;1-5 years;High;Medium
41;To some level;Periodically;Official internal collaboration channels (email, slack, teams, etc.), Publicly available sources on the Internet;Periodically;Periodically;Periodically;Yes;25% to 50%;Large;Mostly No;Yes;Yes;Yes;Yes;Yes;Yes;With certain conditions Yes;Up to a certain level Yes;With certain conditions Yes;No;Yes;Female;30-40;100-500;5-10 years;High;Medium
42;To some level;Periodically;Publicly available sources on the Internet, Other;Periodically;Periodically;We don't have such a system;Yes;25% to 50%;Large;No;Yes;Yes;Yes;No;Yes;Yes;Yes;Yes;Yes;No;Yes;Female;30-40;100-500;1-5 years;Upper;Medium
43;To some level;Periodically;Official internal collaboration channels (email, slack, teams, etc.), Publicly available sources on the Internet, Other;We don't have such a system;We don't have such a system;We don't have such a system;Yes;Less than 25%;Medium;Mostly No;Yes;Yes;Yes;No;Yes;With certain conditions Yes;With certain conditions Yes;Up to a certain level Yes;No;No;No;Female;30-40;100-500;5-10 years;High;Low
44;Yes;Periodically;Official internal collaboration channels (email, slack, teams, etc.), Publicly available sources on the Internet;We don't have such a system;We don't have such a system;We don't have such a system;Yes;25% to 50%;Large;Mostly No;Yes;Yes;Yes;No;Yes;Yes;Yes;Up to a certain level Yes;No;With certain conditions Yes;With certain conditions Yes;Female;30-40;100-500;5-10 years;High;Medium
45;Yes;Yes;Official internal collaboration channels (email, slack, teams, etc.), Publicly available sources on the Internet;Periodically;No;No;Yes;50% to 75%;Medium;Mostly No;Yes;Yes;It doesn't matter to me;No;No;With certain conditions Yes;With certain conditions Yes;Up to a certain level Yes;No;No;Yes;Male;30-40;100-500;Less than 1 year;High;Low
46;Yes;Yes;Official internal collaboration channels (email, slack, teams, etc.);Periodically;Periodically;Yes;Yes;25% to 50%;Large;Mostly Yes;Yes;Yes;Yes;Yes;Yes;Yes;Yes;Yes;With certain conditions Yes;No;With certain conditions Yes;Female;20-30;100-500;1-5 years;High;Medium
47;Yes;Periodically;Official internal collaboration channels (email, slack, teams, etc.);Periodically;We don't have such a system;We don't have such a system;Yes;Less than 25%;Large;Yes;Yes;Yes;Yes;No;Yes;With certain conditions Yes;With certain conditions Yes;Up to a certain level Yes;With certain conditions Yes;With certain conditions Yes;With certain conditions Yes;Female;30-40;100-500;1-5 years;High;Low
48;Yes;Periodically;Official internal collaboration channels (email, slack, teams, etc.), Other;Periodically;We don't have such a system;Periodically;Yes;25% to 50%;Medium;Mostly No;Yes;With certain compensation Yes;Yes;No;No;With certain conditions Yes;No;Up to a certain level Yes;No;No;With certain conditions Yes;Male;40-50;More than 500;1-5 years;High;Medium
49;Yes;No;Official internal collaboration channels (email, slack, teams, etc.), Publicly available sources on the Internet, Other publicly available knowledge sources;Periodically;Periodically;No;Yes;More than 75%;Large;Mostly Yes;Yes;Yes;Yes;No;Yes;Yes;With certain conditions Yes;Yes;With certain conditions Yes;No;With certain conditions Yes;Female;20-30;100-500;1-5 years;High;Low
50;Yes;Periodically;Official internal collaboration channels (email, slack, teams, etc.), Internal knowledge base system;Periodically;Periodically;Yes;Yes;50% to 75%;Large;Mostly No;Yes;Yes;Yes;No;No;Yes;With certain conditions Yes;Yes;With certain conditions Yes;No;Yes;Female;40-50;100-500;1-5 years;High;Medium
51;Yes;Periodically;Publicly available sources on the Internet, Other publicly available knowledge sources, Other;We don't have such a system;We don't have such a system;We don't have such a system;Yes;Less than 25%;Large;Mostly Yes;Yes;Yes;It doesn't matter to me;Yes;No;Yes;With certain conditions Yes;Yes;No;No;With certain conditions Yes;Female;40-50;100-500;1-5 years;High;Medium
52;To some level;No;Official internal collaboration channels (email, slack, teams, etc.), Publicly available sources on the Internet, Other publicly available knowledge sources;We don't have such a system;We don't have such a system;We don't have such a system;Yes;25% to 50%;Large;Mostly No;Yes;Yes;It doesn't matter to me;No;No;No;No;Up to a certain level Yes;With certain conditions Yes;Yes;Yes;Other;40-50;100-500;More than 10 years;High;Medium
53;Yes;Periodically;Publicly available sources on the Internet, Other publicly available knowledge sources;We don't have such a system;We don't have such a system;We don't have such a system;Yes;Less than 25%;Very large;Mostly No;Yes;Yes;It doesn't matter to me;Yes;Yes;Yes;Yes;Up to a certain level Yes;With certain conditions Yes;Yes;Yes;Female;40-50;100-500;More than 10 years;High;Medium
54;To some level;Periodically;Publicly available sources on the Internet;We don't have such a system;We don't have such a system;We don't have such a system;Yes;Less than 25%;Very large;Mostly No;Yes;Yes;It doesn't matter to me;No;Yes;With certain conditions Yes;With certain conditions Yes;Up to a certain level Yes;With certain conditions Yes;With certain conditions Yes;With certain conditions Yes;Female;40-50;100-500;5-10 years;High;High
55;Yes;Yes;Official internal collaboration channels (email, slack, teams, etc.), Internal knowledge base system;Yes;Periodically;We don't have such a system;Yes;Less than 25%;Large;Mostly Yes;Yes;Yes;Yes;No;Yes;Yes;With certain conditions Yes;Yes;With certain conditions Yes;No;No;Female;20-30;100-500;Less than 1 year;High;Medium
56;To some level;Periodically;Internal knowledge base system, Publicly available sources on the Internet;Yes;Yes;Periodically;Yes;25% to 50%;Very large;Mostly No;Yes;Yes;Yes;Yes;Yes;Yes;Yes;Yes;Yes;Yes;Yes;Female;20-30;100-500;Less than 1 year;High;Medium
57;Yes;Yes;Official internal collaboration channels (email, slack, teams, etc.);Yes;Periodically;No;No;50% to 75%;Large;No;Yes;Yes;Yes;No;Yes;Yes;With certain conditions Yes;Up to a certain level Yes;Yes;No;Yes;Male;40-50;100-500;5-10 years;High;Medium
58;Yes;Periodically;Official internal collaboration channels (email, slack, teams, etc.);Periodically;We don't have such a system;Periodically;Yes;25% to 50%;Very large;No;Yes;Yes;Yes;No;Yes;Yes;Yes;Yes;Yes;Yes;Yes;Female;50-60;100-500;More than 10 years;High;Medium
59;Yes;Yes;Official internal collaboration channels (email, slack, teams, etc.), Other;Periodically;No;No;Yes;25% to 50%;Medium;Mostly No;Yes;Yes;Yes;Yes;Yes;Yes;With certain conditions Yes;Yes;No;No;With certain conditions Yes;Female;40-50;100-500;1-5 years;Middle;Low
60;Yes;Periodically;Official internal collaboration channels (email, slack, teams, etc.), Publicly available sources on the Internet, Other publicly available knowledge sources;No;No;No;Yes;50% to 75%;Medium;Mostly No;Yes;With certain compensation Yes;It doesn't matter to me;No;Yes;With certain conditions Yes;With certain conditions Yes;Yes;With certain conditions Yes;With certain conditions Yes;With certain conditions Yes;Male;50-60;100-500;5-10 years;High;Low
61;Yes;Periodically;Official internal collaboration channels (email, slack, teams, etc.), Internal knowledge base system, Publicly available sources on the Internet, Other publicly available knowledge sources;Yes;No;Yes;Yes;25% to 50%;Medium;Mostly No;Yes;Yes;Yes;Yes;Yes;Yes;With certain conditions Yes;Up to a certain level Yes;With certain conditions Yes;No;With certain conditions Yes;Male;40-50;100-500;1-5 years;High;Medium
62;To some level;Periodically;Publicly available sources on the Internet, Other publicly available knowledge sources;We don't have such a system;Periodically;Periodically;Yes;Less than 25%;Very large;Mostly No;Yes;Yes;Yes;Yes;No;Yes;Yes;No;No;No;Yes;Female;40-50;100-500;5-10 years;High;High
63;Yes;Yes;Official internal collaboration channels (email, slack, teams, etc.), Publicly available sources on the Internet;Periodically;No;No;Yes;25% to 50%;Medium;Mostly Yes;Yes;Yes;Yes;No;No;Yes;Yes;Up to a certain level Yes;No;No;No;Female;40-50;100-500;More than 10 years;Upper;Low
64;To some level;No;Official internal collaboration channels (email, slack, teams, etc.), Publicly available sources on the Internet;We don't have such a system;We don't have such a system;No;Yes;50% to 75%;Medium;Mostly Yes;Yes;Yes;Yes;I don't want to declare;No;Yes;With certain conditions Yes;Yes;With certain conditions Yes;No;With certain conditions Yes;Male;40-50;100-500;1-5 years;High;Low
65;Yes;No;Official internal collaboration channels (email, slack, teams, etc.), Internal knowledge base system;Yes;No;Yes;Yes;25% to 50%;Low;Mostly No;Yes;Yes;Yes;Yes;Yes;Yes;No;Yes;No;No;Yes;Male;30-40;Less than 100;1-5 years;High;Medium
66;Yes;Periodically;Official internal collaboration channels (email, slack, teams, etc.), Internal knowledge base system, Publicly available sources on the Internet;Periodically;Periodically;Periodically;Yes;50% to 75%;Large;No;Yes;Yes;Yes;No;Yes;Yes;Yes;Yes;Yes;Yes;Yes;Female;40-50;100-500;5-10 years;High;Medium
67;No;No;Official internal collaboration channels (email, slack, teams, etc.), Publicly available sources on the Internet;No;No;No;Yes;25% to 50%;Very large;No;Yes;Yes;Yes;No;No;No;With certain conditions Yes;Yes;No;No;Yes;Male;30-40;Less than 100;1-5 years;High;High
68;Yes;Yes;Official internal collaboration channels (email, slack, teams, etc.), Publicly available sources on the Internet, Other publicly available knowledge sources;Yes;Periodically;Periodically;Yes;50% to 75%;Large;Mostly No;Yes;Yes;Yes;Yes;Yes;Yes;With certain conditions Yes;Yes;No;No;With certain conditions Yes;Female;30-40;100-500;5-10 years;Upper;Medium
69;Yes;Yes;Official internal collaboration channels (email, slack, teams, etc.);No;No;No;Yes;50% to 75%;Very large;Mostly No;Yes;Yes;Yes;Yes;No;Yes;With certain conditions Yes;Up to a certain level Yes;With certain conditions Yes;No;Yes;Male;40-50;100-500;5-10 years;High;Medium
70;Yes;Periodically;Official internal collaboration channels (email, slack, teams, etc.), Publicly available sources on the Internet, Other publicly available knowledge sources;Yes;Yes;Yes;Yes;50% to 75%;Medium;Mostly No;Yes;Yes;Yes;Yes;Yes;With certain conditions Yes;No;Up to a certain level Yes;No;No;With certain conditions Yes;Male;30-40;100-500;1-5 years;Upper;Medium
71;Yes;Yes;Official internal collaboration channels (email, slack, teams, etc.), Publicly available sources on the Internet;We don't have such a system;We don't have such a system;We don't have such a system;Yes;50% to 75%;Medium;No;Yes;Yes;Yes;No;No;Yes;With certain conditions Yes;Up to a certain level Yes;With certain conditions Yes;No;With certain conditions Yes;Female;30-40;100-500;1-5 years;High;Low
72;Yes;Yes;Official internal collaboration channels (email, slack, teams, etc.);Yes;Yes;Yes;Yes;Less than 25%;Medium;No;Yes;Yes;Yes;Yes;Yes;Yes;Yes;Yes;Yes;Yes;Yes;Male;40-50;100-500;1-5 years;High;High
73;To some level;Periodically;Official internal collaboration channels (email, slack, teams, etc.), Other publicly available knowledge sources;Yes;We don't have such a system;We don't have such a system;Yes;Less than 25%;Large;No;Yes;Yes;Yes;Yes;Yes;Yes;Yes;Yes;Yes;Yes;Yes;Male;40-50;100-500;5-10 years;High;Medium
74;Yes;No;Official internal collaboration channels (email, slack, teams, etc.), Publicly available sources on the Internet, Public social networks, Other publicly available knowledge sources;No;We don't have such a system;We don't have such a system;Yes;50% to 75%;Very large;Mostly No;Yes;Yes;It doesn't matter to me;Yes;Yes;Yes;Yes;Yes;With certain conditions Yes;No;Yes;Male;40-50;More than 500;More than 10 years;High;Medium
75;To some level;Periodically;Official internal collaboration channels (email, slack, teams, etc.), Publicly available sources on the Internet, Other publicly available knowledge sources;No;No;No;Yes;Less than 25%;Large;Mostly No;Yes;Yes;Yes;No;Yes;Yes;Yes;Yes;With certain conditions Yes;With certain conditions Yes;With certain conditions Yes;Female;40-50;100-500;1-5 years;High;High
76;Yes;Yes;Official internal collaboration channels (email, slack, teams, etc.), Internal knowledge base system, Publicly available sources on the Internet, Other publicly available knowledge sources;Yes;Yes;Periodically;Yes;50% to 75%;Large;Mostly Yes;Yes;Yes;It doesn't matter to me;I don't want to declare;No;Yes;With certain conditions Yes;Up to a certain level Yes;With certain conditions Yes;No;With certain conditions Yes;Female;30-40;100-500;1-5 years;High;Low
77;To some level;Periodically;Official internal collaboration channels (email, slack, teams, etc.), Publicly available sources on the Internet;We don't have such a system;We don't have such a system;We don't have such a system;Yes;25% to 50%;Medium;No;Yes;No;Yes;No;Yes;No;No;Up to a certain level Yes;Yes;Yes;Yes;Female;30-40;100-500;5-10 years;Middle;Medium
78;Yes;No;Official internal collaboration channels (email, slack, teams, etc.), Publicly available sources on the Internet, Other publicly available knowledge sources;We don't have such a system;We don't have such a system;We don't have such a system;Yes;Less than 25%;Very large;Mostly No;No;No;Yes;Yes;Yes;Yes;Yes;Yes;With certain conditions Yes;No;Yes;Female;20-30;100-500;1-5 years;High;Low
79;Yes;Periodically;Official internal collaboration channels (email, slack, teams, etc.), Internal knowledge base system, Publicly available sources on the Internet, Other publicly available knowledge sources;Periodically;We don't have such a system;We don't have such a system;Yes;25% to 50%;Very large;Mostly Yes;With certain compensation Yes;With certain compensation Yes;Yes;Yes;Yes;Yes;With certain conditions Yes;Up to a certain level Yes;No;No;No;Female;40-50;100-500;5-10 years;High;Medium
80;Yes;Yes;Official internal collaboration channels (email, slack, teams, etc.), Publicly available sources on the Internet, Public social networks, Other publicly available knowledge sources;Periodically;Periodically;Periodically;Yes;50% to 75%;Large;No;With certain compensation Yes;Yes;Yes;Yes;Yes;Yes;Yes;Yes;Yes;Yes;Yes;Female;30-40;100-500;1-5 years;High;Medium
81;Yes;Periodically;Internal knowledge base system;Yes;Periodically;Periodically;Yes;More than 75%;Low;No;Yes;Yes;It doesn't matter to me;I don't want to declare;Yes;Yes;With certain conditions Yes;Yes;With certain conditions Yes;No;With certain conditions Yes;Female;20-30;100-500;1-5 years;High;Medium
82;To some level;Periodically;Official internal collaboration channels (email, slack, teams, etc.), Publicly available sources on the Internet;We don't have such a system;We don't have such a system;We don't have such a system;Yes;25% to 50%;Large;Mostly No;Yes;Yes;Yes;No;Yes;Yes;Yes;Yes;Yes;Yes;Yes;Male;30-40;100-500;More than 10 years;High;Medium
83;Yes;Periodically;Official internal collaboration channels (email, slack, teams, etc.), Publicly available sources on the Internet;We don't have such a system;We don't have such a system;We don't have such a system;Yes;50% to 75%;Very large;Mostly No;Yes;Yes;Yes;I don't want to declare;No;Yes;With certain conditions Yes;Up to a certain level Yes;With certain conditions Yes;No;With certain conditions Yes;Female;30-40;100-500;Less than 1 year;High;Medium
84;To some level;Periodically;Internal knowledge base system, Public social networks, Other publicly available knowledge sources, Other;Periodically;Periodically;Periodically;Yes;Less than 25%;Large;Mostly No;With certain compensation Yes;With certain compensation Yes;Yes;I don't want to declare;Yes;Yes;With certain conditions Yes;Yes;Yes;With certain conditions Yes;Yes;Male;30-40;100-500;More than 10 years;High;Medium
85;To some level;Periodically;Official internal collaboration channels (email, slack, teams, etc.);Yes;Periodically;Periodically;Yes;Less than 25%;Very large;Mostly Yes;Yes;Yes;Yes;Yes;Yes;Yes;Yes;Yes;With certain conditions Yes;No;Yes;Male;30-40;100-500;More than 10 years;High;Medium
86;Yes;Yes;Official internal collaboration channels (email, slack, teams, etc.);We don't have such a system;No;We don't have such a system;Yes;25% to 50%;Medium;Mostly No;Yes;Yes;Yes;No;Yes;Yes;With certain conditions Yes;Yes;With certain conditions Yes;No;With certain conditions Yes;Female;40-50;More than 500;More than 10 years;High;Medium
87;Yes;Periodically;Official internal collaboration channels (email, slack, teams, etc.);Yes;Yes;Periodically;Yes;25% to 50%;Very large;No;Yes;Yes;Yes;Yes;Yes;Yes;Yes;Yes;Yes;Yes;Yes;Male;30-40;100-500;1-5 years;Middle;Medium
88;Yes;Yes;Official internal collaboration channels (email, slack, teams, etc.), Publicly available sources on the Internet, Other;Periodically;Periodically;Periodically;Yes;50% to 75%;Large;No;Yes;Yes;Yes;Yes;Yes;Yes;Yes;Yes;Yes;Yes;Yes;Male;40-50;Less than 100;1-5 years;High;Medium
89;To some level;No;Official internal collaboration channels (email, slack, teams, etc.), Publicly available sources on the Internet;We don't have such a system;No;No;Yes;25% to 50%;Large;Yes;Yes;Yes;Yes;Yes;Yes;Yes;Yes;Yes;With certain conditions Yes;With certain conditions Yes;With certain conditions Yes;Female;30-40;100-500;More than 10 years;High;Medium
90;Yes;Yes;Official internal collaboration channels (email, slack, teams, etc.), Publicly available sources on the Internet;Periodically;No;Periodically;Yes;25% to 50%;Large;Mostly Yes;Yes;Yes;Yes;Yes;Yes;Yes;Yes;Yes;Yes;Yes;Yes;Male;40-50;More than 500;More than 10 years;High;High
91;To some level;Periodically;Official internal collaboration channels (email, slack, teams, etc.), Publicly available sources on the Internet, Other publicly available knowledge sources;We don't have such a system;We don't have such a system;We don't have such a system;Yes;Less than 25%;Large;No;Yes;Yes;Yes;Yes;Yes;Yes;Yes;Yes;Yes;Yes;Yes;Male;40-50;100-500;More than 10 years;Upper;High
92;Yes;Periodically;Official internal collaboration channels (email, slack, teams, etc.), Internal knowledge base system, Publicly available sources on the Internet, Other publicly available knowledge sources;Yes;Yes;Yes;No;More than 75%;Low;No;Yes;Yes;Yes;Yes;Yes;Yes;With certain conditions Yes;No;With certain conditions Yes;No;With certain conditions Yes;Male;40-50;Less than 100;More than 10 years;High;High
93;To some level;No;Publicly available sources on the Internet, Other publicly available knowledge sources;Periodically;No;Yes;Yes;Less than 25%;Medium;Mostly No;Yes;Yes;It doesn't matter to me;Yes;Yes;No;No;Yes;Yes;Yes;Yes;Male;30-40;100-500;5-10 years;High;Medium
94;Yes;Periodically;Official internal collaboration channels (email, slack, teams, etc.), Internal knowledge base system;Yes;Periodically;Yes;Yes;50% to 75%;Very large;Mostly No;Yes;Yes;Yes;Yes;Yes;With certain conditions Yes;Yes;Yes;No;No;No;Female;40-50;More than 500;More than 10 years;High;Medium
95;Yes;Yes;Official internal collaboration channels (email, slack, teams, etc.), Publicly available sources on the Internet, Public social networks;We don't have such a system;We don't have such a system;We don't have such a system;Yes;25% to 50%;Medium;Mostly Yes;Yes;Yes;Yes;No;Yes;Yes;Yes;Yes;Yes;No;Yes;Male;40-50;More than 500;More than 10 years;High;Medium
96;Yes;Yes;Official internal collaboration channels (email, slack, teams, etc.);Periodically;Periodically;Yes;Yes;25% to 50%;Large;Mostly No;Yes;Yes;Yes;Yes;Yes;Yes;Yes;Yes;Yes;No;With certain conditions Yes;Male;50-60;More than 500;More than 10 years;High;Low
97;Yes;Periodically;Official internal collaboration channels (email, slack, teams, etc.), Publicly available sources on the Internet, Public social networks, Other publicly available knowledge sources;We don't have such a system;No;Periodically;Yes;Less than 25%;Large;Mostly No;Yes;Yes;Yes;Yes;Yes;Yes;With certain conditions Yes;Up to a certain level Yes;With certain conditions Yes;With certain conditions Yes;With certain conditions Yes;Female;40-50;100-500;5-10 years;High;Medium
98;Yes;Periodically;Official internal collaboration channels (email, slack, teams, etc.), Other;We don't have such a system;We don't have such a system;We don't have such a system;Yes;Less than 25%;Large;Mostly No;Yes;Yes;Yes;Yes;Yes;Yes;With certain conditions Yes;Up to a certain level Yes;With certain conditions Yes;No;With certain conditions Yes;Female;40-50;More than 500;1-5 years;High;High
99;Yes;Yes;Official internal collaboration channels (email, slack, teams, etc.), Publicly available sources on the Internet, Other;No;No;No;Yes;25% to 50%;Medium;Mostly No;Yes;Yes;Yes;Yes;Yes;Yes;With certain conditions Yes;Yes;No;No;No;Male;40-50;More than 500;More than 10 years;High;High
100;Yes;Periodically;Official internal collaboration channels (email, slack, teams, etc.);Periodically;No;No;Yes;25% to 50%;Large;Yes;Yes;Yes;Yes;Yes;Yes;Yes;Yes;Yes;With certain conditions Yes;No;With certain conditions Yes;Male;50-60;More than 500;More than 10 years;High;High
101;To some level;Periodically;Official internal collaboration channels (email, slack, teams, etc.), Internal knowledge base system, Publicly available sources on the Internet, Other publicly available knowledge sources;Yes;Yes;Yes;Yes;50% to 75%;Medium;Mostly No;Yes;Yes;Yes;No;Yes;Yes;Yes;Yes;Yes;No;Yes;Male;30-40;100-500;More than 10 years;High;Medium
102;Yes;Yes;Official internal collaboration channels (email, slack, teams, etc.);Yes;Yes;Yes;Yes;25% to 50%;Medium;Mostly No;Yes;Yes;It doesn't matter to me;Yes;Yes;Yes;With certain conditions Yes;Up to a certain level Yes;With certain conditions Yes;No;Yes;Female;40-50;Less than 100;More than 10 years;High;High
103;Yes;Periodically;Official internal collaboration channels (email, slack, teams, etc.), Publicly available sources on the Internet, Other publicly available knowledge sources;Periodically;Yes;Yes;Yes;More than 75%;Medium;Mostly No;Yes;Yes;Yes;Yes;Yes;Yes;With certain conditions Yes;Up to a certain level Yes;With certain conditions Yes;Yes;With certain conditions Yes;Male;40-50;100-500;1-5 years;High;Medium
104;To some level;No;Internal knowledge base system;Yes;Yes;Yes;Yes;Less than 25%;Low;No;Yes;Yes;Yes;Yes;Yes;Yes;Yes;Yes;With certain conditions Yes;No;With certain conditions Yes;Male;20-30;Less than 100;5-10 years;High;Medium
105;Yes;Yes;Official internal collaboration channels (email, slack, teams, etc.), Internal knowledge base system, Publicly available sources on the Internet, Other;Yes;Yes;We don't have such a system;Yes;25% to 50%;Large;Mostly Yes;Yes;Yes;It doesn't matter to me;No;Yes;Yes;With certain conditions Yes;Yes;With certain conditions Yes;No;Yes;Male;40-50;More than 500;More than 10 years;High;Medium
106;Yes;Periodically;Official internal collaboration channels (email, slack, teams, etc.), Internal knowledge base system, Other;Periodically;Periodically;Periodically;Yes;More than 75%;Medium;No;Yes;Yes;Yes;No;Yes;Yes;Yes;Up to a certain level Yes;Yes;No;Yes;Male;30-40;More than 500;1-5 years;High;Medium
107;Yes;Periodically;Official internal collaboration channels (email, slack, teams, etc.), Publicly available sources on the Internet, Public social networks, Other publicly available knowledge sources;No;No;Periodically;Yes;25% to 50%;Medium;Mostly No;Yes;Yes;It doesn't matter to me;Yes;Yes;Yes;With certain conditions Yes;Up to a certain level Yes;No;No;No;Male;40-50;More than 500;1-5 years;High;High
108;Yes;Periodically;Official internal collaboration channels (email, slack, teams, etc.), Internal knowledge base system, Publicly available sources on the Internet, Public social networks;Periodically;No;Periodically;Yes;50% to 75%;Medium;Mostly No;Yes;No;Yes;No;Yes;No;No;Yes;Yes;Yes;Yes;Male;40-50;Less than 100;1-5 years;High;Medium
109;To some level;Periodically;Official internal collaboration channels (email, slack, teams, etc.), Internal knowledge base system, Publicly available sources on the Internet, Other publicly available knowledge sources;Periodically;Periodically;Periodically;Yes;Less than 25%;Very large;Yes;Yes;Yes;Yes;Yes;Yes;Yes;Yes;Yes;With certain conditions Yes;With certain conditions Yes;With certain conditions Yes;Male;40-50;Less than 100;1-5 years;High;High
110;Yes;Yes;Official internal collaboration channels (email, slack, teams, etc.), Publicly available sources on the Internet;We don't have such a system;We don't have such a system;We don't have such a system;Yes;50% to 75%;Low;No;Yes;Yes;Yes;No;Yes;Yes;Yes;Yes;Yes;No;Yes;Female;50-60;Less than 100;5-10 years;High;High
111;To some level;Periodically;Other;We don't have such a system;We don't have such a system;We don't have such a system;Yes;Less than 25%;Large;Mostly Yes;Yes;Yes;It doesn't matter to me;Yes;Yes;Yes;Yes;Up to a certain level Yes;Yes;No;Yes;Female;40-50;More than 500;More than 10 years;High;Medium
112;Yes;Periodically;Official internal collaboration channels (email, slack, teams, etc.), Internal knowledge base system, Publicly available sources on the Internet, Other;Yes;Periodically;Periodically;Yes;Less than 25%;Medium;Mostly No;Yes;Yes;Yes;No;Yes;Yes;With certain conditions Yes;Yes;With certain conditions Yes;With certain conditions Yes;With certain conditions Yes;Male;50-60;100-500;5-10 years;High;High
113;Yes;Periodically;Official internal collaboration channels (email, slack, teams, etc.), Internal knowledge base system, Publicly available sources on the Internet;Periodically;Periodically;Yes;Yes;50% to 75%;Medium;Mostly Yes;Yes;With certain compensation Yes;It doesn't matter to me;Yes;Yes;Yes;Yes;Yes;With certain conditions Yes;No;Yes;Male;30-40;More than 500;1-5 years;High;Low
114;Yes;Periodically;Official internal collaboration channels (email, slack, teams, etc.), Internal knowledge base system, Publicly available sources on the Internet, Public social networks, Other publicly available knowledge sources, Other;Periodically;We don't have such a system;We don't have such a system;Yes;50% to 75%;Large;Mostly No;Yes;Yes;Yes;Yes;Yes;With certain conditions Yes;With certain conditions Yes;Up to a certain level Yes;With certain conditions Yes;No;With certain conditions Yes;Female;40-50;100-500;5-10 years;High;Medium
115;Yes;Yes;Official internal collaboration channels (email, slack, teams, etc.), Internal knowledge base system, Publicly available sources on the Internet;Yes;Yes;Yes;Yes;50% to 75%;Large;Mostly No;Yes;Yes;Yes;No;Yes;Yes;Yes;Yes;With certain conditions Yes;With certain conditions Yes;With certain conditions Yes;Female;40-50;More than 500;5-10 years;High;Medium
116;To some level;Periodically;Publicly available sources on the Internet, Other publicly available knowledge sources;Periodically;Periodically;Periodically;No;More than 75%;Low;No;Yes;With certain compensation Yes;Yes;Yes;Yes;Yes;With certain conditions Yes;Up to a certain level Yes;No;No;With certain conditions Yes;Female;40-50;Less than 100;More than 10 years;High;High
117;Yes;No;Official internal collaboration channels (email, slack, teams, etc.), Publicly available sources on the Internet;Periodically;No;No;Yes;50% to 75%;Low;Mostly No;Yes;Yes;No;Yes;No;With certain conditions Yes;With certain conditions Yes;Up to a certain level Yes;With certain conditions Yes;No;With certain conditions Yes;Male;20-30;More than 500;1-5 years;High;Low
118;Yes;Periodically;Other;Yes;No;Yes;Yes;100% utilized;Very low;No;Yes;No;Yes;Yes;No;Yes;No;Yes;No;No;No;Male;More than 60;More than 500;More than 10 years;High;Medium
119;To some level;No;Publicly available sources on the Internet;No;No;No;Yes;Less than 25%;Large;Mostly No;Yes;Yes;Yes;Yes;No;Yes;Yes;Yes;Yes;Yes;Yes;Male;40-50;Less than 100;More than 10 years;High;High
120;To some level;Periodically;Official internal collaboration channels (email, slack, teams, etc.), Publicly available sources on the Internet, Other publicly available knowledge sources;Periodically;Periodically;Periodically;Yes;25% to 50%;Large;No;Yes;Yes;Yes;No;Yes;Yes;With certain conditions Yes;Yes;With certain conditions Yes;With certain conditions Yes;Yes;Male;40-50;Less than 100;1-5 years;High;High
121;No;Periodically;Publicly available sources on the Internet, Other;Periodically;We don't have such a system;No;Yes;25% to 50%;Large;No;Yes;Yes;It doesn't matter to me;Yes;Yes;Yes;Yes;Yes;Yes;No;Yes;Male;30-40;Less than 100;More than 10 years;Upper;High
122;To some level;No;Official internal collaboration channels (email, slack, teams, etc.), Internal knowledge base system, Publicly available sources on the Internet, Other publicly available knowledge sources;Periodically;No;No;Yes;25% to 50%;Very large;Mostly Yes;Yes;Yes;Yes;Yes;Yes;Yes;Yes;Up to a certain level Yes;With certain conditions Yes;No;With certain conditions Yes;Female;30-40;More than 500;5-10 years;High;Low
123;Yes;Yes;Official internal collaboration channels (email, slack, teams, etc.), Internal knowledge base system, Publicly available sources on the Internet;Yes;We don't have such a system;We don't have such a system;Yes;50% to 75%;Large;No;Yes;Yes;Yes;No;No;Yes;Yes;Yes;Yes;No;Yes;Male;30-40;100-500;1-5 years;High;Medium
124;To some level;Periodically;Other;Periodically;Periodically;Periodically;No;More than 75%;Low;Mostly No;With certain compensation Yes;No;No;I don't want to declare;No;No;No;Up to a certain level Yes;No;No;No;Male;40-50;100-500;5-10 years;High;Medium
125;Yes;No;Official internal collaboration channels (email, slack, teams, etc.), Internal knowledge base system;Periodically;We don't have such a system;We don't have such a system;Yes;Less than 25%;Large;Mostly Yes;Yes;With certain compensation Yes;Yes;No;No;Yes;No;Up to a certain level Yes;With certain conditions Yes;No;With certain conditions Yes;Female;40-50;100-500;More than 10 years;High;High
126;Yes;Yes;Official internal collaboration channels (email, slack, teams, etc.), Publicly available sources on the Internet, Other publicly available knowledge sources;Periodically;Periodically;Periodically;Yes;25% to 50%;Large;Mostly No;Yes;Yes;Yes;Yes;No;Yes;With certain conditions Yes;Yes;With certain conditions Yes;No;Yes;Male;20-30;More than 500;5-10 years;High;Low
127;Yes;Yes;Official internal collaboration channels (email, slack, teams, etc.), Internal knowledge base system;Yes;Yes;Yes;Yes;25% to 50%;Large;No;Yes;Yes;It doesn't matter to me;Yes;Yes;Yes;Yes;Yes;Yes;Yes;Yes;Male;40-50;100-500;Less than 1 year;High;High
128;Yes;No;Official internal collaboration channels (email, slack, teams, etc.), Publicly available sources on the Internet, Other;We don't have such a system;We don't have such a system;We don't have such a system;Yes;Less than 25%;Large;No;Yes;No;Yes;No;Yes;With certain conditions Yes;With certain conditions Yes;Yes;With certain conditions Yes;With certain conditions Yes;With certain conditions Yes;Male;30-40;More than 500;5-10 years;High;Low
129;Yes;Periodically;Official internal collaboration channels (email, slack, teams, etc.), Publicly available sources on the Internet, Public social networks;No;No;Periodically;Yes;50% to 75%;Large;Mostly No;With certain compensation Yes;With certain compensation Yes;Yes;No;No;Yes;Yes;Up to a certain level Yes;With certain conditions Yes;With certain conditions Yes;Yes;Female;40-50;100-500;1-5 years;High;Low
130;Yes;Periodically;Official internal collaboration channels (email, slack, teams, etc.), Publicly available sources on the Internet;We don't have such a system;We don't have such a system;We don't have such a system;Yes;25% to 50%;Large;Mostly Yes;Yes;Yes;Yes;Yes;No;Yes;Yes;Up to a certain level Yes;Yes;No;With certain conditions Yes;Female;20-30;100-500;5-10 years;Middle;Medium
131;Yes;Periodically;Official internal collaboration channels (email, slack, teams, etc.), Publicly available sources on the Internet;Periodically;Periodically;No;Yes;25% to 50%;Very large;Mostly No;Yes;Yes;Yes;No;Yes;Yes;Yes;Up to a certain level Yes;Yes;With certain conditions Yes;Yes;Male;40-50;More than 500;1-5 years;High;Medium
132;To some level;No;Publicly available sources on the Internet, Other publicly available knowledge sources;No;No;No;Yes;Less than 25%;Medium;Mostly Yes;Yes;Yes;Yes;No;No;Yes;With certain conditions Yes;Yes;With certain conditions Yes;No;With certain conditions Yes;Female;More than 60;Less than 100;5-10 years;High;Low
133;Yes;Periodically;Official internal collaboration channels (email, slack, teams, etc.);Periodically;No;We don't have such a system;Yes;25% to 50%;Large;Mostly Yes;Yes;Yes;Yes;No;No;Yes;Yes;Yes;Yes;No;Yes;Male;20-30;More than 500;1-5 years;High;Medium
134;Yes;Periodically;Official internal collaboration channels (email, slack, teams, etc.);We don't have such a system;No;We don't have such a system;Yes;Less than 25%;Large;No;Yes;Yes;It doesn't matter to me;No;No;Yes;Yes;Yes;Yes;No;Yes;Male;30-40;More than 500;1-5 years;Upper;Medium
135;To some level;No;Official internal collaboration channels (email, slack, teams, etc.), Publicly available sources on the Internet, Other publicly available knowledge sources;Periodically;Periodically;Yes;Yes;More than 75%;Very large;Yes;Yes;Yes;Yes;No;Yes;Yes;No;Up to a certain level Yes;With certain conditions Yes;No;With certain conditions Yes;Female;30-40;Less than 100;1-5 years;High;Medium
136;To some level;Periodically;Official internal collaboration channels (email, slack, teams, etc.), Publicly available sources on the Internet, Other publicly available knowledge sources, Other;We don't have such a system;We don't have such a system;We don't have such a system;Yes;Less than 25%;Large;No;Yes;Yes;Yes;Yes;Yes;Yes;With certain conditions Yes;Up to a certain level Yes;With certain conditions Yes;With certain conditions Yes;With certain conditions Yes;Female;40-50;100-500;More than 10 years;Middle;Medium
137;To some level;Periodically;Official internal collaboration channels (email, slack, teams, etc.);We don't have such a system;We don't have such a system;We don't have such a system;Yes;25% to 50%;Large;Mostly Yes;Yes;Yes;Yes;Yes;Yes;Yes;Yes;Yes;With certain conditions Yes;No;With certain conditions Yes;Female;40-50;100-500;1-5 years;Upper;Low
138;Yes;Periodically;Official internal collaboration channels (email, slack, teams, etc.), Publicly available sources on the Internet, Other publicly available knowledge sources;We don't have such a system;We don't have such a system;We don't have such a system;Yes;25% to 50%;Very large;Mostly No;Yes;Yes;It doesn't matter to me;Yes;No;Yes;Yes;Up to a certain level Yes;With certain conditions Yes;No;Yes;Male;40-50;More than 500;1-5 years;High;Medium
139;To some level;Periodically;Official internal collaboration channels (email, slack, teams, etc.), Internal knowledge base system, Publicly available sources on the Internet, Other publicly available knowledge sources;Periodically;Periodically;No;Yes;25% to 50%;Large;Yes;Yes;Yes;Yes;Yes;Yes;Yes;Yes;Up to a certain level Yes;With certain conditions Yes;With certain conditions Yes;With certain conditions Yes;Female;30-40;100-500;1-5 years;High;Medium
140;To some level;Periodically;Official internal collaboration channels (email, slack, teams, etc.), Publicly available sources on the Internet;Periodically;No;We don't have such a system;Yes;25% to 50%;Large;Mostly No;Yes;With certain compensation Yes;Yes;Yes;Yes;With certain conditions Yes;With certain conditions Yes;Up to a certain level Yes;No;No;With certain conditions Yes;Female;30-40;100-500;1-5 years;High;Medium
141;Yes;Yes;Official internal collaboration channels (email, slack, teams, etc.), Publicly available sources on the Internet, Public social networks;Periodically;No;No;Yes;50% to 75%;Medium;No;Yes;Yes;Yes;No;Yes;Yes;No;Up to a certain level Yes;No;No;No;Female;20-30;100-500;1-5 years;Upper;Low
142;To some level;No;Official internal collaboration channels (email, slack, teams, etc.), Publicly available sources on the Internet;No;No;No;Yes;25% to 50%;Very large;Mostly Yes;Yes;With certain compensation Yes;Yes;No;Yes;Yes;Yes;Yes;Yes;Yes;Yes;Male;40-50;More than 500;1-5 years;High;Low
143;To some level;No;Official internal collaboration channels (email, slack, teams, etc.), Publicly available sources on the Internet;Periodically;Periodically;Periodically;Yes;Less than 25%;Large;Mostly No;Yes;Yes;Yes;No;Yes;Yes;With certain conditions Yes;Up to a certain level Yes;Up to a certain level Yes;Up to a certain level Yes;Up to a certain level Yes;Male;40-50;100-500;5-10 years;Upper;Low
144;Yes;Yes;Official internal collaboration channels (email, slack, teams, etc.), Internal knowledge base system, Other;Periodically;Periodically;Periodically;Yes;Less than 25%;;No;Yes;Yes;Yes;No;No;No;No;Yes;No;No;Up to a certain level Yes;Prefer not to say;Prefer not to say;More than 500;5-10 years;High;Medium
145;Yes;Periodically;Official internal collaboration channels (email, slack, teams, etc.), Internal knowledge base system, Publicly available sources on the Internet;Yes;Yes;Periodically;Yes;25% to 50%;Very large;Mostly No;Yes;Yes;It doesn't matter to me;No;Yes;Yes;Yes;Yes;Yes;Yes;Yes;Male;30-40;More than 500;1-5 years;Middle;Medium
146;No;Yes;Official internal collaboration channels (email, slack, teams, etc.), Publicly available sources on the Internet;No;No;No;Yes;Less than 25%;Medium;Mostly No;Yes;Yes;It doesn't matter to me;Yes;Yes;Yes;Yes;Up to a certain level Yes;Yes;Yes;Yes;Female;30-40;More than 500;1-5 years;High;Low
147;To some level;Periodically;Official internal collaboration channels (email, slack, teams, etc.), Publicly available sources on the Internet, Other publicly available knowledge sources;No;No;No;No;25% to 50%;Very low;No;Yes;Yes;Yes;No;Yes;Yes;Yes;Up to a certain level Yes;Up to a certain level Yes;No;No;Female;30-40;More than 500;1-5 years;Upper;Low
148;Yes;No;Official internal collaboration channels (email, slack, teams, etc.), Other;No;Periodically;No;Yes;50% to 75%;Very large;Mostly Yes;No;Yes;Yes;No;No;Yes;With certain conditions Yes;Up to a certain level Yes;Up to a certain level Yes;Up to a certain level Yes;No;Male;40-50;100-500;More than 10 years;High;Medium
149;Yes;Periodically;Official internal collaboration channels (email, slack, teams, etc.), Publicly available sources on the Internet, Other publicly available knowledge sources;No;No;No;Yes;Less than 25%;Very large;No;Yes;Yes;Yes;Yes;Yes;Yes;With certain conditions Yes;Up to a certain level Yes;Up to a certain level Yes;No;Yes;Prefer not to say;Prefer not to say;More than 500;5-10 years;Middle;Medium
150;Yes;No;Official internal collaboration channels (email, slack, teams, etc.), Publicly available sources on the Internet, Other publicly available knowledge sources;Periodically;No;No;Yes;Completely unutilized;Very large;No;Yes;Yes;Yes;Yes;Yes;Yes;Yes;Up to a certain level Yes;Up to a certain level Yes;No;Yes;Male;30-40;More than 500;1-5 years;High;High
151;Yes;Yes;Official internal collaboration channels (email, slack, teams, etc.), Publicly available sources on the Internet, Public social networks;No;Yes;Yes;Yes;More than 75%;Medium;No;Yes;Yes;Yes;No;No;Yes;Yes;Yes;Up to a certain level Yes;No;Yes;Male;40-50;More than 500;More than 10 years;High;Medium
152;No;Periodically;Official internal collaboration channels (email, slack, teams, etc.), Internal knowledge base system, Publicly available sources on the Internet, Public social networks;We don't have such a system;We don't have such a system;Periodically;Yes;Less than 25%;Very large;Mostly No;Yes;Yes;Yes;Yes;Yes;Yes;Yes;Up to a certain level Yes;Up to a certain level Yes;No;Yes;Female;30-40;More than 500;1-5 years;Upper;Medium
153;To some level;Periodically;Official internal collaboration channels (email, slack, teams, etc.), Publicly available sources on the Internet, Public social networks, Other publicly available knowledge sources;No;No;No;Yes;25% to 50%;Medium;Mostly No;Yes;Yes;Yes;No;Yes;Yes;With certain conditions Yes;Up to a certain level Yes;Up to a certain level Yes;Up to a certain level Yes;Up to a certain level Yes;Female;30-40;More than 500;1-5 years;High;Low
154;Yes;Periodically;Official internal collaboration channels (email, slack, teams, etc.), Internal knowledge base system, Publicly available sources on the Internet;Yes;Yes;Periodically;Yes;25% to 50%;Large;No;Yes;Yes;Yes;Yes;Yes;Yes;Yes;Up to a certain level Yes;Yes;No;Yes;Male;40-50;More than 500;1-5 years;High;High
155;Yes;Yes;Official internal collaboration channels (email, slack, teams, etc.), Other publicly available knowledge sources, Other;No;No;No;Yes;50% to 75%;Large;Mostly Yes;Yes;Yes;Yes;I don't want to declare;No;With certain conditions Yes;With certain conditions Yes;Up to a certain level Yes;Up to a certain level Yes;Up to a certain level Yes;Up to a certain level Yes;Male;40-50;Less than 100;5-10 years;High;Medium
156;Yes;Yes;Official internal collaboration channels (email, slack, teams, etc.), Internal knowledge base system, Publicly available sources on the Internet, Other publicly available knowledge sources;Periodically;Periodically;Periodically;No;50% to 75%;Large;Mostly No;Yes;Yes;Yes;No;No;Yes;With certain conditions Yes;Yes;Yes;Yes;Yes;Male;20-30;100-500;1-5 years;High;Medium
157;Yes;Yes;Other;Periodically;Yes;Periodically;No;25% to 50%;Medium;No;Yes;Yes;Yes;Yes;Yes;With certain conditions Yes;With certain conditions Yes;Up to a certain level Yes;No;No;No;Female;50-60;More than 500;More than 10 years;High;Low
158;Yes;Yes;Official internal collaboration channels (email, slack, teams, etc.), Internal knowledge base system, Publicly available sources on the Internet, Other publicly available knowledge sources;Yes;We don't have such a system;Yes;Yes;25% to 50%;Medium;Mostly Yes;Yes;Yes;Yes;I don't want to declare;No;Yes;No;Up to a certain level Yes;No;No;No;Female;30-40;More than 500;5-10 years;High;Low
159;To some level;Yes;Publicly available sources on the Internet;Yes;No;Periodically;Yes;50% to 75%;Medium;No;Yes;Yes;Yes;No;Yes;Yes;Yes;Yes;Yes;No;Yes;Female;30-40;Less than 100;1-5 years;High;Medium
160;To some level;No;Official internal collaboration channels (email, slack, teams, etc.), Publicly available sources on the Internet, Other publicly available knowledge sources;No;No;No;No;25% to 50%;Medium;No;With certain compensation Yes;No;Yes;No;No;Yes;Yes;Up to a certain level Yes;Yes;No;Yes;Male;30-40;100-500;1-5 years;Middle;Medium
161;To some level;No;Other publicly available knowledge sources;Periodically;No;Periodically;Yes;Less than 25%;Medium;No;Yes;Yes;Yes;Yes;Yes;Yes;Yes;Yes;No;No;Yes;Female;30-40;Less than 100;1-5 years;High;Medium
162;Yes;No;Official internal collaboration channels (email, slack, teams, etc.), Internal knowledge base system, Publicly available sources on the Internet, Other publicly available knowledge sources;Yes;Yes;Yes;Yes;50% to 75%;Large;Yes;Yes;Yes;It doesn't matter to me;Yes;Yes;Yes;Yes;Yes;Yes;Yes;Yes;Female;40-50;100-500;1-5 years;High;Medium
163;Yes;Yes;Official internal collaboration channels (email, slack, teams, etc.), Internal knowledge base system, Publicly available sources on the Internet, Public social networks;Yes;No;Yes;Yes;Less than 25%;Large;Mostly Yes;Yes;Yes;Yes;No;Yes;Yes;With certain conditions Yes;Yes;Yes;Yes;Up to a certain level Yes;Male;40-50;More than 500;More than 10 years;High;Medium
164;Yes;Yes;Official internal collaboration channels (email, slack, teams, etc.), Publicly available sources on the Internet;No;No;Periodically;Yes;Less than 25%;Large;Mostly No;Yes;Yes;It doesn't matter to me;No;No;With certain conditions Yes;With certain conditions Yes;Yes;Yes;No;Yes;Male;40-50;100-500;1-5 years;Middle;Medium
165;No;No;Official internal collaboration channels (email, slack, teams, etc.), Publicly available sources on the Internet;No;We don't have such a system;We don't have such a system;Yes;25% to 50%;Medium;No;Yes;Yes;Yes;No;No;With certain conditions Yes;With certain conditions Yes;Yes;No;No;Up to a certain level Yes;Female;30-40;More than 500;1-5 years;High;Low
166;Yes;Periodically;Official internal collaboration channels (email, slack, teams, etc.);Periodically;We don't have such a system;We don't have such a system;Yes;50% to 75%;Medium;Mostly No;Yes;Yes;It doesn't matter to me;I don't want to declare;No;With certain conditions Yes;With certain conditions Yes;Yes;Yes;No;Yes;Male;40-50;More than 500;1-5 years;High;Medium
167;Yes;Yes;Official internal collaboration channels (email, slack, teams, etc.);We don't have such a system;We don't have such a system;We don't have such a system;Yes;50% to 75%;Medium;No;Yes;Yes;No;No;Yes;Yes;Yes;Yes;Yes;Yes;Yes;Female;40-50;More than 500;More than 10 years;High;Medium
168;Yes;Periodically;Official internal collaboration channels (email, slack, teams, etc.), Publicly available sources on the Internet, Other publicly available knowledge sources;Yes;Periodically;Periodically;Yes;25% to 50%;Medium;No;Yes;Yes;Yes;Yes;No;Yes;Yes;Up to a certain level Yes;Yes;Up to a certain level Yes;Yes;Male;30-40;More than 500;5-10 years;Upper;Medium
169;No;No;Publicly available sources on the Internet, Other publicly available knowledge sources;We don't have such a system;Periodically;Periodically;Yes;25% to 50%;Medium;Mostly Yes;Yes;Yes;It doesn't matter to me;Yes;No;Yes;Yes;Yes;Yes;Up to a certain level Yes;Up to a certain level Yes;Female;40-50;Less than 100;1-5 years;High;Medium
170;To some level;Periodically;Official internal collaboration channels (email, slack, teams, etc.), Publicly available sources on the Internet, Public social networks, Other publicly available knowledge sources;We don't have such a system;We don't have such a system;We don't have such a system;Yes;Less than 25%;Medium;Mostly No;Yes;With certain compensation Yes;It doesn't matter to me;Yes;Yes;Yes;With certain conditions Yes;Up to a certain level Yes;Up to a certain level Yes;Up to a certain level Yes;Up to a certain level Yes;Male;More than 60;100-500;More than 10 years;High;Low
171;Yes;Yes;Official internal collaboration channels (email, slack, teams, etc.), Internal knowledge base system, Publicly available sources on the Internet, Other publicly available knowledge sources;Yes;Yes;Yes;Yes;25% to 50%;Very large;No;Yes;Yes;It doesn't matter to me;Yes;Yes;With certain conditions Yes;With certain conditions Yes;Yes;Up to a certain level Yes;Up to a certain level Yes;Up to a certain level Yes;Male;30-40;More than 500;1-5 years;Upper;Low
172;To some level;No;Official internal collaboration channels (email, slack, teams, etc.), Internal knowledge base system, Publicly available sources on the Internet;Yes;No;No;Yes;25% to 50%;Large;No;Yes;With certain compensation Yes;Yes;No;Yes;Yes;With certain conditions Yes;Up to a certain level Yes;No;No;Yes;Male;20-30;100-500;Less than 1 year;High;Low
173;Yes;Yes;Official internal collaboration channels (email, slack, teams, etc.), Publicly available sources on the Internet;Periodically;We don't have such a system;We don't have such a system;Yes;Completely unutilized;Very low;No;Yes;Yes;It doesn't matter to me;No;Yes;Yes;With certain conditions Yes;Yes;Up to a certain level Yes;Up to a certain level Yes;Up to a certain level Yes;Male;40-50;More than 500;5-10 years;High;High
174;Yes;Yes;Official internal collaboration channels (email, slack, teams, etc.), Internal knowledge base system, Publicly available sources on the Internet;Periodically;Yes;Yes;No;50% to 75%;Large;Mostly No;Yes;Yes;Yes;Yes;Yes;Yes;With certain conditions Yes;Yes;No;No;No;Male;20-30;More than 500;1-5 years;Upper;Low
175;Yes;Periodically;Official internal collaboration channels (email, slack, teams, etc.), Internal knowledge base system;Yes;Yes;Yes;Yes;More than 75%;Very large;Mostly No;Yes;Yes;Yes;No;Yes;Yes;With certain conditions Yes;Up to a certain level Yes;Up to a certain level Yes;No;Up to a certain level Yes;Female;40-50;Less than 100;1-5 years;High;High
176;Yes;Periodically;Official internal collaboration channels (email, slack, teams, etc.), Internal knowledge base system, Publicly available sources on the Internet, Other publicly available knowledge sources;Periodically;Periodically;Periodically;Yes;50% to 75%;Large;Mostly Yes;Yes;Yes;It doesn't matter to me;No;Yes;Yes;Yes;Up to a certain level Yes;Up to a certain level Yes;Up to a certain level Yes;Up to a certain level Yes;Male;40-50;More than 500;5-10 years;Middle;Low
177;Yes;Yes;Official internal collaboration channels (email, slack, teams, etc.), Internal knowledge base system, Publicly available sources on the Internet;Periodically;No;No;Yes;25% to 50%;Low;Mostly No;Yes;Yes;It doesn't matter to me;Yes;Yes;Yes;With certain conditions Yes;Up to a certain level Yes;Up to a certain level Yes;Up to a certain level Yes;Up to a certain level Yes;Male;40-50;More than 500;1-5 years;Middle;Medium
178;Yes;Periodically;Official internal collaboration channels (email, slack, teams, etc.);Periodically;No;Yes;No;25% to 50%;Large;Mostly Yes;Yes;Yes;Yes;Yes;No;Yes;With certain conditions Yes;Yes;Up to a certain level Yes;No;Up to a certain level Yes;Female;40-50;More than 500;More than 10 years;Upper;Low
179;Yes;Yes;Official internal collaboration channels (email, slack, teams, etc.), Internal knowledge base system, Other publicly available knowledge sources;Yes;Yes;Yes;Yes;Less than 25%;Medium;Mostly Yes;Yes;Yes;Yes;Yes;Yes;Yes;Yes;Yes;Yes;Up to a certain level Yes;Up to a certain level Yes;Female;40-50;More than 500;More than 10 years;High;High
180;To some level;No;Official internal collaboration channels (email, slack, teams, etc.), Publicly available sources on the Internet, Public social networks, Other publicly available knowledge sources, Other;We don't have such a system;No;No;Yes;25% to 50%;Large;Mostly No;Yes;Yes;It doesn't matter to me;Yes;Yes;Yes;With certain conditions Yes;Yes;No;No;Up to a certain level Yes;Male;20-30;Less than 100;1-5 years;High;High
181;No;No;Publicly available sources on the Internet;Periodically;No;No;Yes;Less than 25%;Large;No;Yes;Yes;Yes;No;No;Yes;No;Yes;Yes;Yes;Yes;Male;40-50;More than 500;1-5 years;Upper;Low
182;No;No;Official internal collaboration channels (email, slack, teams, etc.);No;We don't have such a system;We don't have such a system;No;Completely unutilized;Very low;No;Yes;Yes;It doesn't matter to me;No;No;Yes;Yes;Yes;Yes;Yes;Yes;Male;More than 60;Less than 100;More than 10 years;Middle;High
183;Yes;Yes;Official internal collaboration channels (email, slack, teams, etc.), Internal knowledge base system, Publicly available sources on the Internet;Periodically;Yes;Yes;Yes;50% to 75%;Large;Mostly No;Yes;With certain compensation Yes;It doesn't matter to me;Yes;Yes;With certain conditions Yes;With certain conditions Yes;Up to a certain level Yes;Up to a certain level Yes;Up to a certain level Yes;Up to a certain level Yes;Male;20-30;100-500;Less than 1 year;High;Medium
184;Yes;Periodically;Official internal collaboration channels (email, slack, teams, etc.), Internal knowledge base system, Publicly available sources on the Internet, Other publicly available knowledge sources;Yes;No;Periodically;Yes;25% to 50%;Medium;Mostly No;Yes;Yes;Yes;No;Yes;Yes;With certain conditions Yes;Yes;Up to a certain level Yes;No;Up to a certain level Yes;Female;40-50;More than 500;5-10 years;Upper;Medium
185;To some level;Periodically;Internal knowledge base system;Yes;We don't have such a system;Periodically;No;More than 75%;Large;No;With certain compensation Yes;With certain compensation Yes;Yes;Yes;Yes;With certain conditions Yes;With certain conditions Yes;Up to a certain level Yes;Up to a certain level Yes;Up to a certain level Yes;Up to a certain level Yes;Female;40-50;Less than 100;More than 10 years;High;High
186;No;No;Official internal collaboration channels (email, slack, teams, etc.), Internal knowledge base system, Publicly available sources on the Internet, Public social networks, Other publicly available knowledge sources;Periodically;No;No;Yes;Less than 25%;Very large;Mostly Yes;Yes;Yes;Yes;No;Yes;With certain conditions Yes;With certain conditions Yes;Up to a certain level Yes;Up to a certain level Yes;Yes;Up to a certain level Yes;Male;30-40;Less than 100;Less than 1 year;High;Medium
187;Yes;No;Internal knowledge base system;Periodically;No;No;Yes;25% to 50%;Large;Mostly Yes;Yes;Yes;Yes;No;No;No;No;Yes;Up to a certain level Yes;No;Yes;Male;40-50;Less than 100;More than 10 years;High;Medium